,Test Acc,Test Balanced Acc,CV Acc,CV Balanced ACC
LR,0.8770148197264364,0.8203589001712064,0.8770148197264364,0.8203589001712064
RF,0.8781373175912464,0.845500222581402,0.8796348764392932,0.8465934455435746
CART,0.8608036589980461,0.822398299992442,0.8601181616527395,0.8222276691907471
Adaboost,0.8674693565342476,0.8051093914783334,0.8674693565342476,0.8051093914783332
Baseline,0.6030748891864853,0.5375,0.6030748891864853,0.5375
